"Microrregião";"Proprietário(a)";"Concessionário(a) ou assentado(a) aguardando titulação definitiva";"Arrendatário(a)";"Parceiro(a)";"Comodatário(a)";"Ocupante";"Produtor sem área"
"Fernando de Noronha (PE)";"1";"8";"-";"-";"2";"-";"3"
"Santos (SP)";"17";"2";"-";"-";"-";"2";"-"
"Osasco (SP)";"69";"29";"2";"10";"6";"8";"1"
"Caraguatatuba (SP)";"113";"38";"29";"5";"17";"53";"3"
"Franco da Rocha (SP)";"131";"67";"9";"31";"4";"11";"-"
"Natal (RN)";"214";"-";"16";"1";"19";"2";"3"
"Macau (RN)";"279";"282";"7";"8";"13";"1";"22"
"Maceió (AL)";"279";"76";"54";"9";"101";"34";"7"
"Guarulhos (SP)";"315";"2";"105";"4";"70";"15";"3"
"São Paulo (SP)";"338";"50";"65";"27";"218";"40";"1"
"Oiapoque (AP)";"357";"966";"-";"2";"-";"3";"21"
"Itapecerica da Serra (SP)";"442";"12";"125";"5";"75";"6";"1"
"Itanhaém (SP)";"521";"6";"30";"2";"27";"15";"-"
"Jundiaí (SP)";"527";"2";"89";"21";"28";"6";"1"
"Amapá (AP)";"604";"45";"1";"10";"6";"27";"2"
"Itamaracá (PE)";"609";"8";"3";"9";"58";"116";"9"
"Ituverava (SP)";"617";"2";"182";"19";"11";"4";"2"
"Coelho Neto (MA)";"635";"187";"1358";"13";"212";"241";"233"
"Campos do Jordão (SP)";"714";"3";"121";"18";"55";"4";"-"
"Bacia de São João (RJ)";"719";"323";"42";"10";"37";"52";"2"
"Mazagão (AP)";"720";"536";"1";"22";"11";"487";"83"
"Bananal (SP)";"766";"1";"149";"15";"22";"7";"1"
"Itaguaí (RJ)";"850";"136";"38";"16";"87";"31";"-"
"Japurá (AM)";"935";"7";"2";"-";"-";"27";"56"
"Baía da Ilha Grande (RJ)";"959";"20";"6";"3";"26";"6";"1"
"Alto Araguaia (MT)";"966";"1";"106";"46";"14";"15";"-"
"Lins (SP)";"986";"815";"176";"26";"21";"5";"3"
"São Carlos (SP)";"995";"163";"127";"26";"28";"28";"10"
"Litoral Sul (RN)";"1028";"25";"88";"31";"20";"69";"22"
"Guaratinguetá (SP)";"1040";"1";"290";"27";"55";"4";"2"
"São Joaquim da Barra (SP)";"1053";"13";"304";"42";"67";"6";"4"
"Baixa Verde (RN)";"1062";"1029";"16";"45";"89";"4";"18"
"Pirassununga (SP)";"1096";"1";"194";"25";"7";"2";"10"
"João Pessoa (PB)";"1126";"259";"73";"18";"411";"24";"4"
"Angicos (RN)";"1180";"673";"15";"85";"118";"26";"3"
"Três Rios (RJ)";"1186";"-";"157";"36";"67";"24";"3"
"Barretos (SP)";"1189";"3";"129";"17";"38";"10";"10"
"Floraí (PR)";"1235";"2";"175";"12";"17";"4";"6"
"Catanduva (SP)";"1272";"3";"141";"32";"19";"10";"14"
"Meruoca (CE)";"1282";"3";"194";"62";"116";"39";"3"
"Barra do Piraí (RJ)";"1338";"66";"239";"11";"49";"16";"-"
"Primavera do Leste (MT)";"1351";"32";"116";"18";"8";"-";"2"
"Médio Araguaia (MT)";"1355";"83";"73";"24";"35";"6";"3"
"Aracaju (SE)";"1379";"81";"37";"9";"19";"59";"73"
"Litoral Norte Alagoano (AL)";"1405";"143";"22";"82";"18";"93";"50"
"Vitória (ES)";"1415";"53";"31";"44";"36";"4";"2"
"Baixo Cotinguiba (SE)";"1417";"154";"10";"22";"12";"142";"51"
"Cantagalo-Cordeiro (RJ)";"1427";"6";"155";"37";"40";"7";"3"
"Vassouras (RJ)";"1456";"60";"135";"71";"110";"13";"9"
"Botucatu (SP)";"1462";"2";"101";"16";"17";"-";"1"
"Auriflama (SP)";"1473";"28";"229";"26";"45";"2";"-"
"Araçatuba (SP)";"1497";"358";"256";"46";"110";"119";"16"
"São José dos Campos (SP)";"1497";"71";"356";"18";"121";"20";"6"
"Tupã (SP)";"1512";"75";"439";"46";"68";"20";"5"
"Macaé (RJ)";"1541";"404";"68";"23";"30";"6";"3"
"Alto Paraguai (MT)";"1543";"370";"31";"5";"4";"3";"1"
"Seridó Ocidental Paraibano (PB)";"1615";"130";"26";"84";"381";"8";"1"
"Recife (PE)";"1631";"614";"25";"9";"218";"539";"2"
"Paranaguá (PR)";"1663";"91";"41";"19";"38";"34";"3"
"Médio Oeste (RN)";"1672";"587";"27";"97";"120";"35";"9"
"Cassilândia (MS)";"1701";"12";"217";"13";"58";"8";"36"
"Porecatu (PR)";"1704";"241";"150";"21";"27";"19";"-"
"Paranatinga (MT)";"1707";"409";"115";"8";"15";"87";"-"
"Pacajus (CE)";"1717";"4";"36";"68";"17";"138";"13"
"Campinas (SP)";"1718";"60";"540";"175";"170";"30";"4"
"São Bento do Sul (SC)";"1722";"164";"29";"26";"11";"-";"6"
"Seridó Ocidental (RN)";"1741";"77";"85";"40";"183";"63";"21"
"Lagos (RJ)";"1751";"33";"58";"21";"124";"27";"1"
"Limeira (SP)";"1751";"98";"238";"40";"59";"26";"36"
"Pará de Minas (MG)";"1783";"14";"220";"17";"42";"1";"-"
"Baixo Pantanal (MS)";"1800";"462";"82";"10";"19";"11";"27"
"Itajaí (SC)";"1807";"155";"101";"25";"36";"7";"6"
"Sorocaba (SP)";"1880";"141";"366";"46";"116";"11";"31"
"Ouro Preto (MG)";"1901";"5";"20";"10";"211";"6";"8"
"Rio Claro (SP)";"1903";"51";"304";"34";"92";"2";"31"
"Patos (PB)";"1905";"216";"59";"85";"378";"12";"37"
"Mogi das Cruzes (SP)";"1913";"184";"462";"68";"130";"27";"2"
"Jaguarão (RS)";"1920";"332";"303";"44";"98";"7";"12"
"Novo Horizonte (SP)";"1984";"1";"219";"73";"32";"5";"15"
"Piracicaba (SP)";"1984";"3";"227";"24";"38";"7";"13"
"Rio Preto da Eva (AM)";"1988";"653";"5";"31";"29";"67";"-"
"Ribeirão Preto (SP)";"1991";"807";"289";"40";"49";"18";"15"
"Macaíba (RN)";"2009";"924";"81";"31";"113";"40";"93"
"Parecis (MT)";"2045";"161";"125";"29";"10";"131";"15"
"Florianópolis (SC)";"2049";"213";"114";"29";"111";"5";"7"
"Lapa (PR)";"2066";"87";"102";"30";"61";"37";"9"
"Cotinguiba (SE)";"2104";"354";"26";"32";"107";"10";"-"
"Batatais (SP)";"2105";"27";"110";"27";"3";"7";"-"
"Franca (SP)";"2114";"149";"380";"35";"45";"8";"2"
"Litoral Nordeste (RN)";"2120";"836";"41";"22";"64";"9";"12"
"Montanha (ES)";"2138";"449";"75";"94";"208";"11";"57"
"Tatuí (SP)";"2138";"6";"169";"17";"58";"18";"4"
"Seridó Oriental (RN)";"2143";"183";"82";"154";"221";"31";"1"
"Jaú (SP)";"2160";"31";"155";"35";"40";"2";"17"
"Dracena (SP)";"2176";"163";"238";"102";"31";"89";"13"
"Serra do Pereiro (CE)";"2194";"178";"730";"91";"453";"36";"344"
"Vale do Açu (RN)";"2203";"925";"89";"62";"168";"152";"23"
"Macacu-Caceribu (RJ)";"2218";"160";"94";"194";"83";"40";"10"
"Itapemirim (ES)";"2235";"6";"394";"357";"58";"36";"9"
"Vale do Paraíba Fluminense (RJ)";"2262";"161";"506";"72";"309";"88";"15"
"Umarizal (RN)";"2277";"4";"81";"213";"125";"103";"73"
"Mogi Mirim (SP)";"2283";"80";"346";"101";"81";"5";"5"
"Fernandópolis (SP)";"2286";"88";"349";"51";"34";"19";"5"
"Faxinal (PR)";"2299";"24";"450";"62";"83";"103";"2"
"Avaré (SP)";"2307";"360";"398";"35";"158";"15";"26"
"Almeirim (PA)";"2308";"94";"6";"110";"14";"50";"95"
"Alagoana do Sertão do São Francisco (AL)";"2312";"207";"8";"88";"28";"90";"36"
"Rosário Oeste (MT)";"2329";"330";"27";"10";"15";"19";"12"
"Santa Maria Madalena (RJ)";"2347";"20";"199";"189";"52";"16";"5"
"Alto Parnaíba Piauiense (PI)";"2387";"86";"88";"119";"67";"80";"291"
"Suape (PE)";"2419";"514";"5";"28";"41";"68";"287"
"Maringá (PR)";"2436";"8";"293";"208";"79";"46";"1"
"Sudeste de Roraima (RR)";"2464";"1304";"10";"23";"9";"45";"-"
"Aglomeração Urbana de São Luís (MA)";"2480";"21";"6";"11";"44";"369";"14"
"Salvador (BA)";"2553";"58";"19";"40";"38";"213";"24"
"Tefé (AM)";"2576";"30";"14";"71";"101";"732";"107"
"Nhandeara (SP)";"2592";"4";"256";"50";"66";"-";"-"
"Litoral Lagunar (RS)";"2643";"10";"231";"120";"221";"31";"20"
"Caracaraí (RR)";"2654";"202";"4";"4";"11";"63";"7"
"Uruburetama (CE)";"2663";"279";"265";"365";"570";"87";"1451"
"Votuporanga (SP)";"2667";"1";"187";"57";"35";"21";"1"
"Uberaba (MG)";"2677";"363";"569";"41";"243";"114";"23"
"Coreaú (CE)";"2679";"61";"436";"338";"459";"238";"107"
"Litoral Sul (PB)";"2691";"661";"197";"49";"408";"170";"4"
"Não-Me-Toque (RS)";"2698";"29";"186";"22";"36";"1";"5"
"Andradina (SP)";"2708";"2387";"244";"35";"96";"124";"5"
"Bragança Paulista (SP)";"2738";"5";"542";"50";"42";"23";"9"
"Araraquara (SP)";"2739";"381";"265";"48";"50";"70";"15"
"Esperança (PB)";"2778";"71";"72";"299";"905";"17";"1"
"Serrana (RJ)";"2788";"18";"596";"1144";"375";"20";"8"
"Assaí (PR)";"2804";"322";"271";"73";"87";"4";"-"
"Mossoró (RN)";"2830";"902";"44";"50";"139";"10";"16"
"São Miguel dos Campos (AL)";"2835";"252";"97";"152";"461";"195";"67"
"Catolé do Rocha (PB)";"2840";"78";"67";"480";"290";"87";"19"
"Ituiutaba (MG)";"2869";"463";"465";"21";"177";"39";"7"
"Tangará da Serra (MT)";"2872";"414";"87";"4";"8";"20";"-"
"Itapetininga (SP)";"2900";"56";"205";"55";"35";"6";"38"
"Assis (SP)";"2952";"102";"392";"52";"111";"11";"5"
"Nova Andradina (MS)";"2997";"1182";"128";"74";"41";"3";"8"
"Cerro Azul (PR)";"3008";"13";"102";"252";"354";"10";"8"
"Sinop (MT)";"3013";"868";"296";"29";"54";"61";"42"
"Marília (SP)";"3016";"181";"499";"49";"55";"13";"10"
"Sena Madureira (AC)";"3019";"603";"10";"19";"53";"245";"10"
"Paranaíba (MS)";"3019";"490";"291";"13";"36";"5";"14"
"Baixo Curu (CE)";"3024";"84";"162";"11";"175";"68";"35"
"Médio Curu (CE)";"3037";"850";"64";"358";"371";"779";"36"
"Bertolínia (PI)";"3078";"363";"83";"185";"5";"26";"116"
"Tabuleiro (SC)";"3138";"5";"114";"103";"445";"9";"34"
"Aquidauana (MS)";"3147";"481";"115";"50";"38";"59";"7"
"Três Marias (MG)";"3184";"25";"315";"38";"122";"7";"35"
"Catu (BA)";"3190";"277";"27";"29";"62";"249";"3"
"Mata Alagoana (AL)";"3205";"2078";"88";"95";"231";"866";"25"
"Brasília (DF)";"3206";"1360";"372";"104";"120";"78";"6"
"Quirinópolis (GO)";"3212";"207";"247";"10";"119";"41";"4"
"Alto Teles Pires (MT)";"3251";"1376";"291";"20";"14";"10";"7"
"Chapada do Apodi (RN)";"3254";"519";"134";"204";"359";"92";"89"
"Lavras da Mangabeira (CE)";"3289";"53";"361";"571";"1077";"1002";"13"
"Amparo (SP)";"3292";"1";"227";"49";"48";"2";"1"
"Tijucas (SC)";"3292";"13";"106";"11";"280";"10";"-"
"Macapá (AP)";"3299";"882";"18";"24";"113";"182";"85"
"Boa Vista (RR)";"3301";"635";"23";"21";"21";"214";"209"
"Diamantina (MG)";"3317";"52";"25";"51";"202";"31";"-"
"Purus (AM)";"3326";"208";"5";"6";"7";"263";"764"
"Propriá (SE)";"3355";"28";"187";"81";"155";"30";"18"
"Palmas (PR)";"3371";"1050";"199";"61";"110";"89";"15"
"Nordeste de Roraima (RR)";"3421";"1984";"17";"10";"11";"177";"2"
"Jaguariaíva (PR)";"3448";"21";"139";"53";"80";"80";"72"
"Mantena (MG)";"3457";"-";"64";"107";"226";"2";"2"
"Itapecuru Mirim (MA)";"3465";"1969";"336";"300";"53";"866";"1582"
"Campanha Meridional (RS)";"3503";"887";"455";"44";"138";"23";"54"
"Lavras (MG)";"3508";"3";"263";"68";"74";"2";"12"
"Japaratuba (SE)";"3515";"217";"18";"86";"45";"42";"64"
"Chapadas das Mangabeiras (MA)";"3594";"69";"34";"127";"296";"140";"52"
"Ourinhos (SP)";"3601";"118";"434";"57";"84";"30";"55"
"Belo Horizonte (MG)";"3613";"93";"488";"92";"428";"27";"35"
"Alto Guaporé (MT)";"3619";"476";"45";"19";"5";"14";"3"
"Ipatinga (MG)";"3620";"11";"152";"190";"147";"33";"42"
"Rosário (MA)";"3621";"1505";"248";"41";"194";"1671";"58"
"Nova Friburgo (RJ)";"3623";"11";"548";"1341";"774";"8";"2"
"Jacarezinho (PR)";"3623";"217";"186";"46";"70";"107";"3"
"Traipu (AL)";"3631";"264";"116";"194";"219";"67";"37"
"Borborema Potiguar (RN)";"3632";"315";"84";"159";"330";"47";"37"
"Jaboticabal (SP)";"3634";"145";"277";"110";"33";"8";"14"
"Tesouro (MT)";"3643";"294";"73";"17";"41";"36";"17"
"Médio Jaguaribe (CE)";"3650";"755";"70";"239";"304";"91";"448"
"Arinos (MT)";"3652";"418";"161";"11";"19";"27";"1"
"Pedra Azul (MG)";"3655";"127";"24";"265";"980";"129";"19"
"São Miguel do Araguaia (GO)";"3693";"1627";"87";"89";"65";"13";"-"
"Guajará-Mirim (RO)";"3696";"125";"79";"28";"57";"5";"62"
"Santa Quitéria (CE)";"3696";"1198";"78";"74";"2167";"80";"1150"
"Londrina (PR)";"3700";"344";"394";"86";"202";"31";"3"
"Pau dos Ferros (RN)";"3725";"20";"110";"183";"203";"61";"25"
"Boca do Acre (AM)";"3732";"235";"5";"51";"-";"231";"529"
"Birigui (SP)";"3735";"78";"625";"89";"128";"10";"5"
"Andrelândia (MG)";"3752";"3";"399";"36";"26";"-";"2"
"Codó (MA)";"3787";"2789";"882";"1446";"711";"820";"359"
"Bauru (SP)";"3800";"266";"390";"83";"115";"104";"18"
"Aragarças (GO)";"3829";"552";"168";"15";"85";"51";"1"
"Curvelo (MG)";"3834";"96";"59";"17";"9";"15";"1"
"Chapada dos Veadeiros (GO)";"3834";"723";"25";"16";"43";"429";"9"
"Paraibuna/Paraitinga (SP)";"3845";"1";"311";"13";"118";"43";"30"
"Iporá (GO)";"3848";"182";"242";"10";"91";"12";"7"
"Penedo (AL)";"3855";"135";"54";"23";"369";"81";"20"
"Gerais de Balsas (MA)";"3856";"325";"50";"88";"296";"217";"15"
"Capão Bonito (SP)";"3901";"88";"244";"160";"334";"89";"34"
"Campo Belo (MG)";"3919";"1";"221";"147";"193";"48";"12"
"Itabaiana (PB)";"3942";"482";"348";"374";"1755";"174";"45"
"Três Lagoas (MS)";"3943";"149";"236";"54";"68";"23";"23"
"Serra de Santana (RN)";"3954";"732";"32";"247";"208";"51";"5"
"Serra de São Miguel (RN)";"3962";"7";"149";"477";"73";"93";"31"
"Apucarana (PR)";"4000";"110";"367";"114";"83";"11";"3"
"Rio de Janeiro (RJ)";"4009";"247";"151";"189";"375";"348";"33"
"Sapé (PB)";"4027";"2403";"78";"56";"841";"157";"7"
"Belém (PA)";"4042";"422";"15";"95";"3";"96";"44"
"Rio Negro (AM)";"4055";"1962";"5";"11";"13";"29";"175"
"Cianorte (PR)";"4098";"7";"430";"108";"227";"54";"13"
"Santo Antônio de Pádua (RJ)";"4109";"7";"421";"219";"164";"6";"12"
"Piedade (SP)";"4139";"8";"905";"214";"403";"36";"6"
"Piancó (PB)";"4157";"192";"131";"292";"258";"8";"124"
"Nossa Senhora das Dores (SE)";"4158";"11";"33";"40";"123";"57";"11"
"Bocaiúva (MG)";"4192";"297";"20";"43";"98";"92";"113"
"Caririaçu (CE)";"4212";"75";"489";"46";"605";"53";"723"
"Adamantina (SP)";"4228";"4";"631";"99";"60";"3";"5"
"Presidente Dutra (MA)";"4230";"163";"569";"257";"123";"141";"1805"
"Umbuzeiro (PB)";"4256";"15";"27";"39";"1722";"123";"7"
"Serrana dos Quilombos (AL)";"4272";"529";"109";"142";"145";"478";"11"
"Brejo Santo (CE)";"4327";"14";"181";"187";"86";"196";"260"
"Chorozinho (CE)";"4370";"330";"60";"301";"281";"260";"40"
"Conselheiro Lafaiete (MG)";"4377";"2";"151";"28";"24";"9";"10"
"Itaguara (MG)";"4378";"11";"78";"64";"64";"6";"26"
"Ibaiti (PR)";"4431";"203";"250";"149";"299";"58";"2"
"Criciúma (SC)";"4448";"3";"289";"46";"189";"4";"30"
"Coari (AM)";"4500";"479";"110";"116";"71";"537";"91"
"Cruzeiro do Sul (AC)";"4559";"2005";"12";"33";"253";"1407";"168"
"Nanuque (MG)";"4564";"75";"35";"51";"397";"8";"142"
"Litoral de Aracati (CE)";"4588";"439";"40";"43";"372";"88";"141"
"Itaperuna (RJ)";"4620";"55";"331";"472";"439";"11";"7"
"Cornélio Procópio (PR)";"4623";"196";"581";"116";"171";"83";"5"
"Catalão (GO)";"4624";"101";"338";"25";"38";"8";"5"
"Alto Taquari (MS)";"4638";"334";"391";"16";"63";"18";"6"
"Bom Despacho (MG)";"4639";"6";"616";"36";"197";"11";"64"
"Itaporanga (PB)";"4647";"92";"414";"390";"1391";"188";"43"
"Itacoatiara (AM)";"4734";"77";"13";"47";"154";"29";"39"
"Juruá (AM)";"4743";"1011";"15";"83";"101";"573";"855"
"Gurupi (TO)";"4785";"769";"128";"28";"50";"76";"29"
"Oliveira (MG)";"4793";"7";"230";"50";"79";"5";"30"
"Colorado do Oeste (RO)";"4821";"11";"213";"31";"155";"28";"2"
"Araxá (MG)";"4840";"287";"699";"99";"172";"48";"11"
"Porto Franco (MA)";"4848";"226";"24";"34";"50";"126";"9"
"São João da Boa Vista (SP)";"4849";"23";"637";"118";"71";"16";"16"
"Rio Formoso (TO)";"4880";"1003";"133";"14";"18";"49";"39"
"Pirapora (MG)";"4894";"530";"135";"120";"132";"77";"16"
"Bodoquena (MS)";"4912";"1196";"253";"32";"128";"124";"40"
"Tarauacá (AC)";"4915";"1009";"9";"11";"93";"272";"47"
"Itapeva (SP)";"4922";"483";"518";"60";"130";"31";"14"
"Guarapari (ES)";"4927";"-";"63";"229";"106";"1";"5"
"Rondonópolis (MT)";"5005";"1067";"251";"46";"82";"282";"5"
"Vilhena (RO)";"5015";"461";"74";"27";"69";"14";"46"
"Ponta Grossa (PR)";"5017";"110";"370";"120";"387";"57";"9"
"Porto Nacional (TO)";"5037";"452";"120";"122";"243";"174";"309"
"Lençóis Maranhenses (MA)";"5057";"1436";"143";"38";"18";"998";"140"
"Goioerê (PR)";"5057";"9";"530";"62";"98";"40";"3"
"Grão Mogol (MG)";"5060";"17";"6";"23";"91";"14";"11"
"Canarana (MT)";"5061";"190";"190";"16";"27";"48";"11"
"Seridó Oriental Paraibano (PB)";"5062";"211";"31";"340";"1012";"149";"8"
"Piuí (MG)";"5066";"17";"469";"72";"141";"116";"4"
"Curimataú Oriental (PB)";"5067";"729";"68";"373";"519";"194";"189"
"Baixo Parnaíba Maranhense (MA)";"5088";"203";"587";"91";"216";"1315";"364"
"Entre Rios (BA)";"5107";"468";"18";"103";"229";"182";"40"
"Registro (SP)";"5135";"18";"242";"88";"105";"184";"60"
"Parauapebas (PA)";"5147";"1299";"17";"35";"174";"262";"37"
"Salgado (PA)";"5156";"107";"29";"229";"572";"521";"113"
"Castanhal (PA)";"5196";"211";"27";"423";"628";"137";"80"
"Joinville (SC)";"5202";"19";"209";"62";"119";"16";"91"
"Ituporanga (SC)";"5204";"68";"442";"70";"383";"10";"20"
"São Mateus (ES)";"5226";"650";"34";"513";"354";"7";"1"
"Anicuns (GO)";"5246";"13";"372";"40";"126";"8";"3"
"Sete Lagoas (MG)";"5250";"48";"397";"139";"417";"39";"9"
"Canindé (CE)";"5263";"2330";"524";"228";"1381";"200";"482"
"Curitibanos (SC)";"5283";"309";"440";"171";"249";"23";"49"
"Formiga (MG)";"5288";"7";"313";"29";"116";"9";"41"
"Campanha Central (RS)";"5289";"1084";"673";"78";"129";"29";"55"
"São João Del Rei (MG)";"5297";"2";"544";"101";"110";"3";"16"
"Cariri Oriental (PB)";"5310";"149";"29";"34";"576";"282";"38"
"Rio Negro (PR)";"5318";"36";"225";"148";"71";"5";"7"
"Gurupi (MA)";"5344";"345";"18";"106";"240";"358";"220"
"Estância (SE)";"5358";"843";"35";"22";"204";"48";"80"
"Barro (CE)";"5379";"88";"375";"639";"1220";"50";"126"
"Porto Alegre (RS)";"5391";"709";"580";"114";"267";"61";"9"
"Madeira (AM)";"5401";"599";"67";"67";"224";"827";"62"
"Cataguases (MG)";"5436";"29";"363";"80";"263";"5";"15"
"Caxias (MA)";"5451";"2333";"1386";"266";"1133";"1230";"1192"
"Brasiléia (AC)";"5510";"217";"9";"34";"148";"27";"19"
"Litoral Norte (PB)";"5529";"862";"161";"107";"474";"176";"229"
"Barbacena (MG)";"5616";"3";"353";"143";"252";"6";"5"
"Rio Vermelho (GO)";"5627";"875";"162";"130";"83";"31";"1"
"Litoral Ocidental Maranhense (MA)";"5663";"453";"415";"429";"574";"632";"369"
"São Mateus do Sul (PR)";"5684";"27";"235";"80";"328";"16";"3"
"Alto Médio Gurguéia (PI)";"5723";"290";"129";"244";"550";"365";"157"
"Restinga Seca (RS)";"5755";"15";"342";"63";"326";"11";"12"
"Telêmaco Borba (PR)";"5763";"200";"198";"51";"138";"225";"6"
"Cascavel (CE)";"5771";"352";"58";"355";"257";"562";"50"
"Peçanha (MG)";"5783";"37";"106";"218";"478";"124";"71"
"Vão do Paranã (GO)";"5785";"1908";"37";"119";"9";"25";"8"
"Astorga (PR)";"5788";"308";"719";"113";"64";"28";"4"
"São Jerônimo (RS)";"5793";"64";"440";"196";"100";"81";"64"
"Floriano (PI)";"5944";"816";"67";"285";"371";"358";"370"
"Sousa (PB)";"5951";"888";"123";"321";"1576";"206";"182"
"São Lourenço (MG)";"6061";"6";"360";"91";"130";"32";"14"
"Redenção (PA)";"6082";"161";"6";"4";"-";"43";"25"
"Vale do Rio dos Bois (GO)";"6101";"109";"504";"82";"139";"97";"13"
"Paragominas (PA)";"6110";"1062";"91";"80";"20";"568";"15"
"Cuiabá (MT)";"6126";"972";"115";"39";"148";"116";"-"
"Jales (SP)";"6145";"64";"597";"134";"162";"24";"25"
"Araranguá (SC)";"6155";"10";"534";"157";"155";"14";"-"
"Barra de São Francisco (ES)";"6164";"519";"56";"164";"477";"109";"7"
"Araguaína (TO)";"6201";"1608";"55";"5";"39";"309";"121"
"Conceição do Mato Dentro (MG)";"6245";"5";"73";"51";"272";"100";"6"
"Irati (PR)";"6278";"4";"236";"57";"618";"6";"3"
"Carira (SE)";"6299";"260";"138";"43";"449";"101";"139"
"Portel (PA)";"6303";"332";"22";"5";"1";"193";"65"
"Santiago (RS)";"6318";"628";"295";"220";"87";"53";"30"
"Linhares (ES)";"6443";"217";"175";"177";"142";"8";"16"
"Guanhães (MG)";"6457";"16";"142";"157";"383";"92";"24"
"Alto Solimões (AM)";"6511";"891";"24";"25";"33";"1249";"310"
"Goiânia (GO)";"6545";"17";"866";"135";"385";"27";"17"
"Chapadas do Alto Itapecuru (MA)";"6581";"528";"736";"476";"462";"327";"899"
"Óbidos (PA)";"6587";"111";"15";"57";"264";"49";"298"
"Curimataú Ocidental (PB)";"6617";"1107";"40";"414";"1467";"203";"5"
"Wenceslau Braz (PR)";"6619";"88";"369";"135";"251";"294";"31"
"Vitória de Santo Antão (PE)";"6635";"392";"135";"104";"341";"461";"44"
"Campo Mourão (PR)";"6642";"336";"697";"116";"88";"63";"18"
"Itajubá (MG)";"6655";"10";"594";"118";"205";"7";"18"
"Várzea Alegre (CE)";"6675";"54";"1517";"694";"1377";"41";"686"
"Marabá (PA)";"6691";"1534";"23";"50";"75";"144";"65"
"Batalha (AL)";"6707";"129";"66";"262";"167";"67";"108"
"Brejo Paraibano (PB)";"6711";"1132";"75";"285";"612";"386";"20"
"Mata Setentrional Pernambucana (PE)";"6723";"1307";"369";"403";"1005";"705";"257"
"Alto Pantanal (MT)";"6743";"490";"45";"12";"61";"12";"12"
"Gramado-Canela (RS)";"6773";"5";"122";"138";"254";"12";"3"
"Bico do Papagaio (TO)";"6812";"1868";"16";"35";"30";"211";"134"
"Agreste Potiguar (RN)";"6923";"828";"256";"279";"521";"17";"56"
"Soledade (RS)";"6950";"49";"347";"260";"284";"49";"34"
"União da Vitória (PR)";"7022";"366";"123";"179";"367";"63";"30"
"Guarabira (PB)";"7028";"318";"181";"137";"1249";"201";"50"
"Jauru (MT)";"7045";"1234";"202";"55";"65";"46";"14"
"Alta Floresta (MT)";"7048";"119";"146";"68";"51";"362";"1"
"Jalapão (TO)";"7064";"60";"29";"58";"15";"64";"50"
"Médio Parnaíba Piauiense (PI)";"7093";"717";"1318";"211";"326";"682";"1784"
"Ipu (CE)";"7103";"99";"1171";"1346";"1217";"224";"208"
"Chapada do Araripe (CE)";"7120";"340";"418";"1266";"1720";"24";"2125"
"Itapetinga (BA)";"7171";"167";"115";"33";"248";"188";"99"
"Ubá (MG)";"7215";"11";"425";"213";"226";"12";"2"
"Xanxerê (SC)";"7258";"1448";"179";"88";"158";"55";"30"
"Pitanga (PR)";"7288";"665";"222";"225";"679";"130";"49"
"Frutal (MG)";"7309";"845";"675";"54";"293";"204";"48"
"Passos (MG)";"7315";"8";"871";"82";"317";"16";"4"
"Chapadas do Extremo Sul Piauiense (PI)";"7317";"77";"25";"171";"487";"67";"65"
"Pires do Rio (GO)";"7324";"71";"430";"65";"214";"64";"44"
"Sananduva (RS)";"7361";"149";"252";"109";"90";"71";"4"
"Paulo Afonso (BA)";"7369";"52";"145";"146";"73";"227";"333"
"Campo Grande (MS)";"7376";"4053";"502";"59";"138";"409";"12"
"Cajazeiras (PB)";"7377";"405";"103";"210";"1158";"267";"463"
"Blumenau (SC)";"7377";"23";"138";"78";"94";"12";"10"
"Itaituba (PA)";"7402";"77";"101";"25";"102";"161";"18"
"Pio IX (PI)";"7442";"378";"86";"169";"2093";"63";"172"
"Santa Rita do Sapucaí (MG)";"7447";"9";"597";"143";"142";"80";"1"
"Juiz de Fora (MG)";"7468";"97";"904";"134";"131";"17";"3"
"Cruz Alta (RS)";"7471";"616";"537";"98";"108";"33";"29"
"Camaquã (RS)";"7507";"18";"886";"400";"535";"214";"13"
"Cerro Largo (RS)";"7509";"52";"231";"44";"263";"10";"6"
"São José do Rio Preto (SP)";"7586";"49";"880";"147";"198";"31";"62"
"Uberlândia (MG)";"7598";"1112";"1103";"128";"297";"62";"46"
"Pato Branco (PR)";"7677";"95";"270";"98";"254";"4";"16"
"Arari (PA)";"7746";"48";"42";"89";"78";"229";"270"
"Cachoeira do Sul (RS)";"7781";"16";"694";"146";"323";"52";"28"
"Unaí (MG)";"7789";"1380";"109";"48";"85";"617";"216"
"Divinópolis (MG)";"7796";"13";"569";"41";"210";"18";"12"
"Dianópolis (TO)";"7896";"198";"29";"21";"72";"62";"22"
"Nova Venécia (ES)";"7954";"408";"42";"768";"1430";"36";"5"
"Colatina (ES)";"8006";"183";"99";"420";"815";"10";"11"
"Patrocínio (MG)";"8011";"163";"943";"150";"447";"107";"17"
"Campanha Ocidental (RS)";"8034";"370";"1151";"212";"186";"83";"103"
"Dourados (MS)";"8038";"3845";"1044";"114";"284";"70";"18"
"Foz do Iguaçu (PR)";"8092";"284";"433";"169";"346";"131";"21"
"Carazinho (RS)";"8138";"96";"506";"220";"198";"72";"18"
"Parintins (AM)";"8141";"292";"65";"203";"336";"468";"47"
"Iguatemi (MS)";"8192";"2649";"558";"104";"161";"226";"11"
"Alvorada D'Oeste (RO)";"8222";"69";"75";"103";"510";"16";"4"
"Tobias Barreto (SE)";"8246";"119";"143";"99";"352";"158";"24"
"Itabira (MG)";"8287";"40";"304";"72";"195";"21";"126"
"Capanema (PR)";"8342";"13";"262";"219";"460";"27";"2"
"Valença do Piauí (PI)";"8395";"589";"291";"625";"1056";"331";"940"
"Serrana do Sertão Alagoano (AL)";"8460";"143";"56";"475";"379";"43";"20"
"Paranavaí (PR)";"8483";"1204";"724";"271";"267";"64";"43"
"Vacaria (RS)";"8490";"165";"617";"142";"175";"24";"39"
"Ijuí (RS)";"8491";"36";"329";"137";"235";"42";"5"
"Agreste de Lagarto (SE)";"8604";"505";"180";"82";"785";"333";"14"
"Agreste de Itabaiana (SE)";"8620";"84";"176";"159";"1607";"35";"5"
"Conceição do Araguaia (PA)";"8634";"798";"13";"11";"5";"34";"8"
"Serra do Teixeira (PB)";"8661";"77";"217";"385";"1101";"191";"51"
"Salgueiro (PE)";"8998";"590";"319";"215";"1558";"67";"224"
"Governador Valadares (MG)";"9025";"351";"152";"248";"255";"146";"13"
"Imperatriz (MA)";"9059";"1501";"112";"148";"324";"275";"260"
"Presidente Prudente (SP)";"9168";"4044";"828";"100";"232";"79";"31"
"Cariri Ocidental (PB)";"9274";"709";"39";"350";"753";"323";"28"
"Ivaiporã (PR)";"9278";"793";"912";"367";"724";"36";"270"
"Cachoeiro de Itapemirim (ES)";"9279";"726";"420";"2078";"520";"32";"30"
"Montenegro (RS)";"9285";"48";"178";"196";"129";"11";"7"
"Almenara (MG)";"9297";"550";"112";"95";"603";"471";"191"
"Ponte Nova (MG)";"9299";"13";"260";"639";"737";"38";"20"
"Osório (RS)";"9299";"26";"540";"260";"345";"39";"55"
"Barreiras (BA)";"9348";"405";"132";"94";"393";"137";"42"
"Itaparica (PE)";"9353";"795";"166";"533";"305";"164";"225"
"Fortaleza (CE)";"9564";"489";"1129";"205";"1047";"338";"502"
"Alto Capibaribe (PE)";"9577";"100";"58";"131";"904";"76";"27"
"Santa Maria (RS)";"9732";"36";"764";"211";"293";"98";"43"
"Meia Ponte (GO)";"9749";"218";"1051";"139";"291";"55";"25"
"Norte Araguaia (MT)";"9750";"763";"127";"26";"15";"75";"7"
"Médio Mearim (MA)";"9782";"1537";"660";"331";"437";"492";"4327"
"Sudoeste de Goiás (GO)";"9787";"1309";"1039";"131";"328";"67";"1"
"Guaporé (RS)";"9947";"29";"270";"71";"103";"1";"3"
"Itapipoca (CE)";"10108";"1718";"553";"207";"517";"419";"3"
"Patos de Minas (MG)";"10133";"123";"910";"138";"316";"121";"12"
"São Félix do Xingu (PA)";"10173";"217";"24";"16";"33";"230";"36"
"Sertão de Inhamuns (CE)";"10180";"404";"352";"1092";"2555";"937";"2615"
"Serras de Sudeste (RS)";"10218";"1079";"715";"175";"360";"41";"67"
"Santa Teresa (ES)";"10264";"62";"151";"1362";"1510";"9";"9"
"Tubarão (SC)";"10314";"30";"288";"110";"425";"35";"20"
"Colíder (MT)";"10324";"81";"257";"42";"109";"67";"1"
"Miracema do Tocantins (TO)";"10415";"1575";"68";"50";"39";"54";"65"
"Paracatu (MG)";"10514";"383";"379";"77";"362";"185";"2"
"Concórdia (SC)";"10551";"15";"107";"70";"187";"13";"19"
"Ceres (GO)";"10577";"335";"412";"57";"281";"196";"2"
"Afonso Cláudio (ES)";"10598";"42";"252";"599";"1361";"259";"10"
"Alegre (ES)";"10637";"406";"187";"738";"1283";"35";"466"
"Palmeira dos Índios (AL)";"10764";"366";"312";"259";"1156";"261";"23"
"Curitiba (PR)";"10806";"22";"465";"277";"377";"48";"43"
"Mata Meridional Pernambucana (PE)";"10827";"1696";"146";"158";"543";"1135";"141"
"Campina Grande (PB)";"10839";"410";"112";"137";"1633";"304";"7"
"Alfenas (MG)";"10876";"17";"578";"426";"327";"28";"38"
"Porangatu (GO)";"10989";"1625";"238";"111";"136";"74";"64"
"Barra (BA)";"11047";"940";"27";"80";"221";"270";"231"
"Anápolis (GO)";"11047";"66";"951";"278";"278";"42";"36"
"Aimorés (MG)";"11271";"113";"189";"219";"417";"35";"8"
"Iguatu (CE)";"11396";"367";"1089";"298";"1477";"323";"1700"
"Araçuaí (MG)";"11408";"87";"49";"128";"824";"249";"133"
"Manaus (AM)";"11448";"889";"81";"143";"530";"521";"84"
"Jeremoabo (BA)";"11454";"490";"166";"250";"537";"189";"68"
"Rio Branco (AC)";"11551";"706";"36";"28";"56";"236";"27"
"Campos dos Goytacazes (RJ)";"11598";"947";"732";"500";"357";"375";"19"
"Santana do Ipanema (AL)";"11632";"93";"103";"478";"455";"94";"256"
"Livramento do Brumado (BA)";"11755";"621";"65";"301";"144";"178";"11"
"Poços de Caldas (MG)";"11756";"6";"617";"338";"363";"84";"10"
"Cotegipe (BA)";"11802";"639";"11";"111";"131";"90";"71"
"Pindaré (MA)";"11819";"994";"311";"141";"230";"310";"852"
"Chapadinha (MA)";"11828";"1269";"828";"474";"1065";"1733";"1039"
"Três Passos (RS)";"11837";"497";"401";"111";"261";"39";"-"
"Sobral (CE)";"11946";"1972";"1374";"1170";"2259";"510";"1863"
"Prudentópolis (PR)";"12028";"314";"687";"275";"592";"51";"24"
"Santa Rosa (RS)";"12069";"20";"366";"81";"264";"31";"16"
"Rio do Sul (SC)";"12103";"102";"245";"251";"252";"54";"12"
"Teófilo Otoni (MG)";"12202";"67";"85";"470";"1337";"124";"10"
"Cascavel (PR)";"12300";"242";"772";"263";"834";"408";"14"
"Santo Ângelo (RS)";"12400";"435";"669";"235";"391";"125";"20"
"Aripuanã (MT)";"12478";"1100";"182";"37";"140";"240";"92"
"Brejo Pernambucano (PE)";"12580";"306";"379";"429";"804";"418";"52"
"Umuarama (PR)";"12580";"245";"1096";"245";"457";"118";"73"
"Passo Fundo (RS)";"12648";"200";"552";"201";"160";"31";"24"
"Boquim (SE)";"12862";"197";"54";"136";"526";"175";"13"
"Baturité (CE)";"12877";"452";"1421";"194";"1423";"434";"1356"
"Joaçaba (SC)";"12941";"952";"315";"172";"173";"50";"41"
"Teresina (PI)";"12944";"2405";"456";"565";"1247";"1754";"1300"
"São Sebastião do Paraíso (MG)";"12962";"10";"670";"360";"384";"32";"5"
"Ariquemes (RO)";"12969";"362";"170";"66";"337";"510";"61"
"Tucuruí (PA)";"12999";"1392";"22";"28";"4";"326";"30"
"Cariri (CE)";"13010";"247";"1172";"259";"836";"810";"1104"
"Varginha (MG)";"13037";"160";"923";"219";"388";"296";"23"
"Bom Jesus da Lapa (BA)";"13113";"1608";"71";"76";"361";"107";"37"
"Pouso Alegre (MG)";"13194";"9";"1972";"283";"863";"27";"45"
"Alto Mearim e Grajaú (MA)";"13335";"1831";"127";"110";"196";"536";"448"
"Caratinga (MG)";"13537";"38";"170";"513";"756";"24";"10"
"Sertão de Quixeramobim (CE)";"13580";"2922";"382";"1322";"4404";"202";"1412"
"Ibiapaba (CE)";"13867";"488";"3117";"1035";"2126";"896";"524"
"São Miguel do Oeste (SC)";"13889";"264";"212";"160";"234";"18";"38"
"Campos de Lages (SC)";"14009";"104";"738";"489";"609";"44";"116"
"Litoral Piauiense (PI)";"14046";"1323";"488";"340";"916";"936";"79"
"Sergipana do Sertão do São Francisco (SE)";"14139";"1502";"64";"333";"289";"223";"41"
"Caxias do Sul (RS)";"14219";"12";"390";"258";"387";"5";"5"
"Entorno de Brasília (GO)";"14345";"2305";"319";"66";"249";"295";"28"
"Furos de Breves (PA)";"14559";"60";"16";"112";"60";"234";"1326"
"Sertão do Moxotó (PE)";"14670";"424";"31";"655";"438";"179";"167"
"Erechim (RS)";"14784";"10";"401";"137";"149";"91";"8"
"Cacoal (RO)";"14821";"131";"239";"287";"853";"498";"32"
"Muriaé (MG)";"14879";"61";"349";"1020";"349";"77";"5"
"Porto Seguro (BA)";"14952";"1907";"187";"211";"569";"1130";"132"
"Tomé-Açu (PA)";"15004";"1343";"55";"337";"157";"386";"94"
"Baixo Jaguaribe (CE)";"15094";"1395";"778";"368";"1708";"417";"630"
"Viçosa (MG)";"15210";"6";"284";"1592";"549";"100";"34"
"Picos (PI)";"15219";"810";"714";"578";"1517";"373";"325"
"Campo Maior (PI)";"15243";"2255";"436";"1972";"2892";"1895";"106"
"Pelotas (RS)";"15255";"487";"484";"461";"663";"148";"13"
"Porto Velho (RO)";"15408";"38";"108";"51";"182";"92";"64"
"Canoinhas (SC)";"15490";"273";"399";"346";"697";"242";"24"
"Vale do Ipanema (PE)";"15719";"989";"185";"335";"773";"460";"86"
"Médio Capibaribe (PE)";"15766";"369";"239";"311";"717";"344";"59"
"Bragantina (PA)";"15859";"134";"281";"510";"2062";"625";"101"
"Toledo (PR)";"15943";"240";"1128";"325";"450";"38";"73"
"Santa Maria da Vitória (BA)";"16187";"204";"78";"198";"937";"55";"290"
"Francisco Beltrão (PR)";"16378";"554";"517";"210";"978";"86";"31"
"Itaberaba (BA)";"16520";"1217";"125";"271";"1937";"409";"203"
"Guarapuava (PR)";"16848";"3370";"401";"368";"738";"2254";"15"
"Frederico Westphalen (RS)";"16885";"241";"375";"200";"457";"482";"21"
"Salinas (MG)";"16936";"39";"50";"126";"1295";"169";"54"
"Capelinha (MG)";"17010";"38";"71";"155";"1139";"155";"118"
"Petrolina (PE)";"17195";"1478";"871";"612";"1627";"824";"137"
"São Raimundo Nonato (PI)";"17285";"1117";"92";"794";"2616";"378";"59"
"Litoral de Camocim e Acaraú (CE)";"17399";"1119";"568";"911";"2732";"571";"581"
"Lajeado-Estrela (RS)";"17447";"5";"510";"516";"291";"24";"33"
"Sertão de Cratéus (CE)";"17526";"1701";"569";"2611";"3834";"187";"931"
"Arapiraca (AL)";"17825";"375";"1506";"982";"3319";"565";"96"
"Janaúba (MG)";"17963";"435";"339";"239";"1030";"170";"40"
"Baixo Parnaíba Piauiense (PI)";"18101";"4109";"1752";"1209";"931";"2895";"1854"
"Sertão de Senador Pompeu (CE)";"18289";"305";"1449";"993";"3491";"614";"1951"
"Senhor do Bonfim (BA)";"18524";"232";"81";"239";"519";"85";"363"
"Ji-Paraná (RO)";"18563";"85";"312";"182";"788";"176";"35"
"Januária (MG)";"18642";"934";"131";"270";"691";"308";"48"
"Manhuaçu (MG)";"19505";"37";"346";"1081";"1266";"17";"14"
"Baixada Maranhense (MA)";"19591";"4378";"1685";"561";"1380";"2046";"3252"
"Santa Cruz do Sul (RS)";"19958";"132";"1143";"974";"1129";"419";"43"
"Jacobina (BA)";"20337";"320";"93";"352";"831";"295";"283"
"Altamira (PA)";"20536";"2231";"57";"49";"121";"271";"60"
"Alagoinhas (BA)";"20659";"176";"122";"377";"710";"167";"74"
"Santarém (PA)";"20746";"922";"91";"350";"141";"427";"376"
"Seabra (BA)";"20992";"1298";"116";"300";"1004";"194";"67"
"Montes Claros (MG)";"21395";"313";"98";"249";"2834";"141";"101"
"Chapecó (SC)";"21843";"204";"420";"287";"308";"134";"24"
"Araripina (PE)";"22124";"86";"318";"621";"3333";"553";"84"
"Vale do Ipojuca (PE)";"22138";"1045";"229";"433";"1350";"780";"77"
"Guamá (PA)";"22248";"693";"140";"1037";"996";"1660";"866"
"Valença (BA)";"22363";"303";"19";"612";"1220";"160";"14"
"Pajeú (PE)";"22700";"672";"390";"905";"2435";"580";"260"
"Boquira (BA)";"26324";"19";"80";"451";"761";"165";"155"
"Vitória da Conquista (BA)";"28486";"985";"98";"447";"2922";"197";"161"
"Brumado (BA)";"29254";"93";"50";"391";"1394";"125";"123"
"Garanhuns (PE)";"29692";"463";"155";"980";"2677";"732";"110"
"Santo Antônio de Jesus (BA)";"30484";"606";"210";"512";"2743";"471";"189"
"Ilhéus-Itabuna (BA)";"30767";"2694";"268";"1699";"1142";"831";"85"
"Jequié (BA)";"30974";"1085";"170";"476";"2160";"406";"67"
"Euclides da Cunha (BA)";"31067";"501";"167";"217";"568";"588";"294"
"Juazeiro (BA)";"31859";"494";"409";"362";"2221";"623";"444"
"Alto Médio Canindé (PI)";"33606";"1333";"187";"1019";"6011";"795";"711"
"Irecê (BA)";"34423";"230";"592";"600";"2187";"463";"197"
"Cametá (PA)";"35458";"84";"70";"1014";"515";"755";"104"
"Serrinha (BA)";"35874";"404";"58";"287";"1845";"130";"167"
"Guanambi (BA)";"36282";"818";"77";"471";"4013";"332";"72"
"Ribeira do Pombal (BA)";"38050";"619";"470";"690";"998";"394";"755"
"Feira de Santana (BA)";"45622";"285";"310";"741";"3502";"1085";"932"